INSERT INTO `disciplines` (`id`, `name`, `shortname`) VALUES
(1, "Web-программирование", "WП"),
(2, "Администрирование операционной системы Linux", "АOCL"),
(3, "Актуарная математика", "Акт. мат."),
(4, "Алгебра и теория чисел", "АиТЧ"),
(5, "Алгоритмы и структуры данных", "АиСД"),
(6, "Аналитическая геометрия", "АГ"),
(7, "Архитектура компьютеров", "АК"),
(8, "Базы данных", "БД"),
(9, "Безопасность жизнедеятельности человека", "БЖЧ"),
(10, "Безопасность информационных систем", "БИС"),
(11, "Белорусский язык (профессиональная лексика)", "Бел. яз."),
(12, "Вычислительные методы", "ВМ"),
(13, "Вычислительные методы алгебры", "ВМА"),
(14, "Геометрия и алгебра", "ГиА"),
(15, "Дискретная математика и математическая логика", "ДМиМЛ"),
(16, "Дифференциальные уравнения", "ДУ"),
(17, "Дополнительные главы информатики", "ДГИ"),
(18, "Дополнительные главы математического анализа", "ДГМА"),
(19, "Дополнительные главы теории вероятностей и математической статистики", "ДГТВиМС"),
(20, "Иностранный язык", "Ин. яз."),
(21, "Исследование операций", "ИСО"),
(22, "История", "Истор."),
(23, "Компонентные технологии Microsoft", "КТMS"),
(24, "Компьютерная графика", "КГ"),
(25, "Компьютерные сети", "КС"),
(26, "Компьютерные системы и сети", "КСиС"),
(27, "Криптографические методы", "КМ"),
(28, "Математика", "Матем."),
(29, "Математический анализ", "Мат. ан."),
(30, "Математическое и компьютерное моделирование", "МиКМ"),
(31, "Математическое моделирование", "Мат. мод."),
(32, "Менеджмент программного обеспечения", "МПО"),
(33, "Методика преподавания информатики", "МПИ"),
(34, "Методика преподавания математики", "МПМ"),
(35, "Методы алгоритмизации и программирования", "МАиП"),
(36, "Методы вычислений", "МВ"),
(37, "Методы искусственного интеллекта", "МИИ"),
(38, "Методы оптимизации", "МО"),
(39, "Методы оптимизации и алгоритмы принятия решений", "МОиАПР"),
(40, "Методы решения математических задач", "МРМЗ"),
(41, "Методы решения олимпиадных задач", "МРОЗ"),
(42, "Методы численного анализа", "МЧА"),
(43, "Модели данных и системы управления базами данных", "МДиСУБД"),
(44, "Надёжность программного обеспечения", "НПО"),
(45, "Начертательная геометрия и инженерная графика", "НГиИГ"),
(46, "Облачные сервисы", "Обл. серв."),
(47, "Объектно-ориентированные технологии программирования и стандарты проектирования", "ООТПиСП"),
(48, "Операционные системы", "ОС"),
(49, "Операционные системы и системное программирование", "ОСиСП"),
(50, "Основы алгоритмизации и программирования", "ОАиП"),
(51, "Основы бизнеса и права в информационных технологиях", "ОБиПвИТ"),
(52, "Основы вариационного исчисления", "ОВИ"),
(53, "Основы защиты информации", "ОЗИ"),
(54, "Основы информационных технологий", "ОИТ"),
(55, "Основы теории групп и их классов", "ОТГииК"),
(56, "Педагогика", "Пед."),
(57, "Политология", "Полит."),
(58, "Прикладная информатика", "ПИ"),
(59, "Прикладная математика", "ПМ"),
(60, "Программирование", "Прогр."),
(61, "Проектирование программных систем", "ППС"),
(62, "Проектирование человеко-машинных интерфейсов", "ПЧМИ"),
(63, "Психология", "Псих."),
(64, "Распределённые и параллельные системы", "РиПС"),
(65, "Сервисориентированная архитектура", "СОА"),
(66, "Системное программирование", "СП"),
(67, "Современные главы высшей математики", "СГВМ"),
(68, "Современные объектно-реляционные базы данных", "СОРБД"),
(69, "Теоретическая механика", "Теор. мех."),
(70, "Теория вероятностей и математическая статистика", "ТВиМС"),
(71, "Теория графов", "ТГ"),
(72, "Тестирование и оценка качества программного обеспечения", "ТиОКПО"),
(73, "Технологии взаимодействия с базами данных", "ТВсБД"),
(74, "Технологии программирования", "ТП"),
(75, "Технологии разработки информационных систем", "ТРИС"),
(76, "Уравнения математической физики", "Ур. мат. физ."),
(77, "Физика", "Физ."),
(78, "Философия", "Фил."),
(79, "Функциональный анализ и интегральные уравнения", "ФАиИУ"),
(80, "Численные методы математической физики", "ЧММФ"),
(81, "Шаблоны проектирования", "ШП"),
(82, "Экономика", "Эконом."),
(83, "Элементарная математика и практикум по решению задач", "ЭМиПпРЗ"),
(84, "Языки программирования", "ЯП");

INSERT INTO `specialties` (`id`, `code`, `name`, `shortname`, `qualification`, `parent_id`) VALUES
(1, "1-31 03 03", "Прикладная математика", "ПМ", NULL, NULL),
(2, "1-31 03 03-01", "Прикладная математика (научно-производственная деятельность)", "ПМ(пр)", "Математик-программист", 1),
(3, "1-31 03 03-02", "Прикладная математика (научно-педагогическая деятельность)", "ПМ(пе)", "Математик-программист. Преподаватель математики и информатики", 1),
(4, "1-31 03 03-02 14", "Прикладная математика (научно-педагогическая деятельность). Методика преподавания математики и информатики", "ПМ(пе)-14", "Математик-программист. Преподаватель математики и информатики", 3),
(5, "1-31 03 07", "Прикладная информатика", "ПИ", NULL, NULL),
(6, "1-31 03 07-01", "Прикладная информатика (программное обеспечение компьютерных систем)", "ПИ(ПОКС)", "Информатик. Специалист по разработке программного обеспечения", 5),
(7, "1-31 03 07-01 02", "Прикладная информатика (программное обеспечение компьютерных систем). Мультимедийные системы и интернет-программирование", "ПИ(ПОКС)-02", "Информатик. Специалист по разработке программного обеспечения", 6),
(8, "1-31 03 07-03", "Прикладная информатика (веб-программирование и компьютерный дизайн)", "ПИ(ВПКД)", "Информатик. Специалист по компьютерному дизайну и разработке веб-приложений", 5),
(9, "1-31 03 07-03 01", "Прикладная информатика (веб-программирование и компьютерный дизайн). Веб-программирование и компьютерная графика", "ПИ(ВПКД)-01", "Информатик. Специалист по компьютерному дизайну и разработке веб-приложений", 8),
(10, "1-40 01 01", "Программное обеспечение информационных технологий", "ПОИТ", "Инженер-программист", NULL),
(11, "1-40 01 01 03", "Программное обеспечение информационных технологий", "ПОИТ-03", "Инженер-программист", 10);

INSERT INTO `curriculums` (`id`, `year`, `specialty_id`) VALUES
(1, 2015, 11),
(2, 2015, 4),
(3, 2015, 7),
(4, 2016, 11),
(5, 2016, 4),
(6, 2016, 7);

INSERT INTO `curriculum_disciplines` (`id`, `curriculum_id`, `discipline_id`, `semester`) VALUES
(1, 3, 22, 1),
(2, 3, 57, 4),
(3, 3, 82, 3),
(4, 3, 78, 6),
(5, 3, 9, 6),
(6, 3, 4, 1),
(7, 3, 4, 2),
(8, 3, 6, 1),
(9, 3, 16, 3),
(10, 3, 70, 3),
(11, 3, 29, 1),
(12, 3, 29, 2),
(13, 3, 11, 2),
(14, 3, 20, 1),
(15, 3, 20, 2),
(16, 3, 35, 1),
(17, 3, 40, 2),
(18, 3, 18, 3),
(19, 3, 60, 2),
(20, 3, 71, 2),
(21, 3, 64, 5),
(22, 3, 61, 3),
(23, 3, 32, 4),
(24, 3, 10, 7),
(25, 3, 36, 4),
(26, 3, 36, 5),
(27, 3, 7, 3),
(28, 3, 74, 4),
(29, 3, 27, 4),
(30, 3, 72, 3),
(31, 3, 24, 6),
(32, 3, 66, 3),
(33, 3, 43, 5),
(34, 3, 43, 6),
(35, 3, 5, 4),
(36, 3, 21, 6),
(37, 3, 25, 4),
(38, 3, 48, 4),
(39, 3, 15, 1),
(40, 3, 41, 5),
(41, 3, 19, 7),
(42, 3, 23, 7),
(43, 3, 62, 7),
(44, 3, 75, 7),
(45, 3, 65, 7),
(46, 3, 1, 5),
(47, 3, 1, 6),
(48, 3, 81, 6),
(49, 3, 55, 4),
(50, 3, 37, 6),
(51, 3, 37, 7),
(52, 3, 68, 5),
(53, 3, 2, 7),
(54, 3, 38, 5),
(55, 6, 22, 1),
(56, 6, 57, 4),
(57, 6, 82, 3),
(58, 6, 78, 6),
(59, 6, 9, 6),
(60, 6, 4, 1),
(61, 6, 4, 2),
(62, 6, 6, 1),
(63, 6, 16, 3),
(64, 6, 70, 3),
(65, 6, 29, 1),
(66, 6, 29, 2),
(67, 6, 11, 2),
(68, 6, 20, 1),
(69, 6, 20, 2),
(70, 6, 35, 1),
(71, 6, 40, 2),
(72, 6, 18, 3),
(73, 6, 60, 2),
(74, 6, 71, 2),
(75, 6, 64, 5),
(76, 6, 61, 3),
(77, 6, 32, 4),
(78, 6, 10, 7),
(79, 6, 36, 4),
(80, 6, 36, 5),
(81, 6, 7, 3),
(82, 6, 74, 4),
(83, 6, 27, 4),
(84, 6, 72, 3),
(85, 6, 24, 6),
(86, 6, 66, 3),
(87, 6, 43, 5),
(88, 6, 43, 6),
(89, 6, 5, 4),
(90, 6, 21, 6),
(91, 6, 25, 4),
(92, 6, 48, 4),
(93, 6, 15, 1),
(94, 6, 41, 5),
(95, 6, 19, 7),
(96, 6, 23, 7),
(97, 6, 62, 7),
(98, 6, 75, 7),
(99, 6, 65, 7),
(100, 6, 1, 5),
(101, 6, 1, 6),
(102, 6, 81, 6),
(103, 6, 55, 4),
(104, 6, 37, 6),
(105, 6, 37, 7),
(106, 6, 68, 5),
(107, 6, 2, 7),
(108, 6, 38, 5),
(109, 2, 22, 1),
(110, 2, 57, 4),
(111, 2, 82, 3),
(112, 2, 78, 6),
(113, 2, 9, 5),
(114, 2, 16, 3),
(115, 2, 16, 4),
(116, 2, 70, 4),
(117, 2, 70, 5),
(118, 2, 14, 1),
(119, 2, 14, 2),
(120, 2, 11, 1),
(121, 2, 20, 1),
(122, 2, 20, 2),
(123, 2, 60, 1),
(124, 2, 60, 2),
(125, 2, 60, 3),
(126, 2, 29, 1),
(127, 2, 29, 2),
(128, 2, 29, 3),
(129, 2, 31, 7),
(130, 2, 43, 7),
(131, 2, 5, 4),
(132, 2, 69, 6),
(133, 2, 80, 6),
(134, 2, 76, 5),
(135, 2, 76, 6),
(136, 2, 21, 6),
(137, 2, 38, 5),
(138, 2, 25, 5),
(139, 2, 42, 4),
(140, 2, 42, 5),
(141, 2, 79, 4),
(142, 2, 48, 4),
(143, 2, 15, 2),
(144, 2, 15, 3),
(145, 2, 13, 3),
(146, 2, 63, 6),
(147, 2, 56, 6),
(148, 2, 52, 7),
(149, 2, 83, 1),
(150, 2, 83, 2),
(151, 2, 83, 3),
(152, 2, 83, 4),
(153, 2, 83, 7),
(154, 2, 34, 5),
(155, 2, 34, 7),
(156, 2, 33, 6),
(157, 2, 33, 7),
(158, 5, 22, 1),
(159, 5, 57, 4),
(160, 5, 82, 3),
(161, 5, 78, 6),
(162, 5, 9, 5),
(163, 5, 16, 3),
(164, 5, 16, 4),
(165, 5, 70, 4),
(166, 5, 70, 5),
(167, 5, 14, 1),
(168, 5, 14, 2),
(169, 5, 11, 1),
(170, 5, 20, 1),
(171, 5, 20, 2),
(172, 5, 60, 1),
(173, 5, 60, 2),
(174, 5, 60, 3),
(175, 5, 29, 1),
(176, 5, 29, 2),
(177, 5, 29, 3),
(178, 5, 31, 7),
(179, 5, 43, 7),
(180, 5, 5, 4),
(181, 5, 69, 6),
(182, 5, 80, 6),
(183, 5, 76, 5),
(184, 5, 76, 6),
(185, 5, 21, 6),
(186, 5, 38, 5),
(187, 5, 25, 5),
(188, 5, 42, 4),
(189, 5, 42, 5),
(190, 5, 79, 4),
(191, 5, 48, 4),
(192, 5, 15, 2),
(193, 5, 15, 3),
(194, 5, 13, 3),
(195, 5, 63, 6),
(196, 5, 56, 6),
(197, 5, 52, 7),
(198, 5, 83, 1),
(199, 5, 83, 2),
(200, 5, 83, 3),
(201, 5, 83, 4),
(202, 5, 83, 7),
(203, 5, 34, 5),
(204, 5, 34, 7),
(205, 5, 33, 6),
(206, 5, 33, 7),
(207, 1, 22, 1),
(208, 1, 57, 4),
(209, 1, 82, 3),
(210, 1, 78, 6),
(211, 1, 28, 1),
(212, 1, 28, 2),
(213, 1, 28, 3),
(214, 1, 77, 2),
(215, 1, 67, 4),
(216, 1, 67, 5),
(217, 1, 15, 3),
(218, 1, 70, 3),
(219, 1, 84, 2),
(220, 1, 84, 3),
(221, 1, 49, 4),
(222, 1, 49, 5),
(223, 1, 47, 4),
(224, 1, 47, 5),
(225, 1, 44, 5),
(226, 1, 26, 4),
(227, 1, 8, 6),
(228, 1, 8, 7),
(229, 1, 53, 5),
(230, 1, 51, 7),
(231, 1, 50, 1),
(232, 1, 50, 2),
(233, 1, 9, 1),
(234, 1, 20, 1),
(235, 1, 20, 2),
(236, 1, 30, 7),
(237, 1, 39, 6),
(238, 1, 3, 5),
(239, 1, 45, 4),
(240, 1, 46, 8),
(241, 1, 58, 7),
(242, 1, 58, 8),
(243, 1, 59, 2),
(244, 1, 59, 3),
(245, 1, 71, 4),
(246, 1, 54, 1),
(247, 1, 21, 7),
(248, 1, 11, 1),
(249, 1, 73, 4),
(250, 1, 75, 5),
(251, 1, 17, 6),
(252, 1, 17, 7),
(253, 1, 12, 6),
(254, 1, 12, 7),
(255, 4, 22, 1),
(256, 4, 57, 4),
(257, 4, 82, 3),
(258, 4, 78, 6),
(259, 4, 28, 1),
(260, 4, 28, 2),
(261, 4, 28, 3),
(262, 4, 77, 2),
(263, 4, 67, 4),
(264, 4, 67, 5),
(265, 4, 15, 3),
(266, 4, 70, 3),
(267, 4, 84, 2),
(268, 4, 84, 3),
(269, 4, 49, 4),
(270, 4, 49, 5),
(271, 4, 47, 4),
(272, 4, 47, 5),
(273, 4, 44, 5),
(274, 4, 26, 4),
(275, 4, 8, 6),
(276, 4, 8, 7),
(277, 4, 53, 5),
(278, 4, 51, 7),
(279, 4, 50, 1),
(280, 4, 50, 2),
(281, 4, 9, 1),
(282, 4, 20, 1),
(283, 4, 20, 2),
(284, 4, 30, 7),
(285, 4, 39, 6),
(286, 4, 3, 5),
(287, 4, 45, 4),
(288, 4, 46, 8),
(289, 4, 58, 7),
(290, 4, 58, 8),
(291, 4, 59, 2),
(292, 4, 59, 3),
(293, 4, 71, 4),
(294, 4, 54, 1),
(295, 4, 21, 7),
(296, 4, 11, 1),
(297, 4, 73, 4),
(298, 4, 75, 5),
(299, 4, 17, 6),
(300, 4, 17, 7),
(301, 4, 12, 6),
(302, 4, 12, 7);
